{
  "project_info": {
    "project_number": "1082743414201",
    "project_id": "banksampah-8c1ec",
    "storage_bucket": "banksampah-8c1ec.appspot.com"
  },
  "client": [
    {
      "client_info": {
        "mobilesdk_app_id": "1:1082743414201:android:0aa86d751c6ae6233fea68",
        "android_client_info": {
          "package_name": "com.reza.sampah"
        }
      },
      "oauth_client": [
        {
          "client_id": "1082743414201-bdtu8n85ff7ialjb52e4fkfidhff53e6.apps.googleusercontent.com",
          "client_type": 3
        }
      ],
      "api_key": [
        {
          "current_key": "AIzaSyDGKCqtqlsWthx_7CiRWJO51SYL_PLU8xY"
        }
      ],
      "services": {
        "appinvite_service": {
          "other_platform_oauth_client": [
            {
              "client_id": "1082743414201-bdtu8n85ff7ialjb52e4fkfidhff53e6.apps.googleusercontent.com",
              "client_type": 3
            }
          ]
        }
      }
    }
  ],
  "configuration_version": "1"
}